{"_runtime":18,"_step":9,"epoch":4,"loss":1.3289055059718535,"accuracy":61.6572725683506,"_timestamp":1.7747207126618934e+09,"_wandb":{"runtime":18}}