{"_timestamp":1.7746346760390203e+09,"_step":4,"epoch":4,"loss":1.4368134985831418,"_wandb":{"runtime":35},"_runtime":35,"accuracy":91.8655394453296}